<?xml version="1.0" encoding="UTF-8"?>
<!DOCTYPE suite SYSTEM "https://testng.org/testng-1.0.dtd">
<suite name="Suite">
  <test thread-count="5" name="Test">
    <classes>
      <class name="test.java.Scenarios.Scenario1"/>
      <class name="test.java.Scenarios.Scenario2"/>
      <class name="test.java.Scenarios.Scenario3"/>
      <class name="test.java.Scenarios.Scenario4"/>
      <class name="test.java.Scenarios.Scenario5"/>
    </classes>
  </test> <!-- Test -->
</suite> <!-- Suite -->
